[
  {
    "code": "CVP-001",
    "layer": "Identity",
    "title": "VIN plate & dash match",
    "description": "Verify VIN on dash matches report and appears unaltered."
  },
  {
    "code": "CVP-002",
    "layer": "Identity",
    "title": "Door jamb VIN label integrity",
    "description": "Check for tamper, reprint, paint-over, or mismatch."
  },
  {
    "code": "CVP-003",
    "layer": "Identity",
    "title": "Windshield VIN visibility",
    "description": "Confirm VIN readable; note obstruction or distortion."
  },
  {
    "code": "CVP-004",
    "layer": "Identity",
    "title": "Title/ownership document presence",
    "description": "Record availability/consistency of provided ownership docs."
  },
  {
    "code": "CVP-005",
    "layer": "Identity",
    "title": "Odometer disclosure consistency",
    "description": "Compare mileage display vs disclosures; flag inconsistencies."
  },
  {
    "code": "CVP-006",
    "layer": "Identity",
    "title": "Key count & type",
    "description": "Record number of keys/fobs; OEM vs aftermarket."
  },
  {
    "code": "CVP-007",
    "layer": "Identity",
    "title": "Build data verification (option decode)",
    "description": "Confirm major options/trim align with vehicle presentation."
  },
  {
    "code": "CVP-008",
    "layer": "Identity",
    "title": "Recalls/TSB indicator check",
    "description": "Record any recall indicator or evidence of unresolved recall notices."
  },
  {
    "code": "CVP-009",
    "layer": "Identity",
    "title": "Service record evidence",
    "description": "Note presence/absence of service history indicators/documents."
  },
  {
    "code": "CVP-010",
    "layer": "Identity",
    "title": "Emissions/inspection sticker status",
    "description": "Record sticker presence and expiration if visible."
  },
  {
    "code": "CVP-011",
    "layer": "Identity",
    "title": "Lien/branding indicator (visual)",
    "description": "Check for salvage/rebuilt/flood brand indications on paperwork/labels."
  },
  {
    "code": "CVP-012",
    "layer": "Identity",
    "title": "Identity photo set captured",
    "description": "Capture required identity photos (VIN, odometer, plates, stickers)."
  },
  {
    "code": "CVP-013",
    "layer": "Mechanical",
    "title": "Cold start behavior",
    "description": "Observe start quality, idle stability, abnormal noises, smoke."
  },
  {
    "code": "CVP-014",
    "layer": "Mechanical",
    "title": "Warning lights at start",
    "description": "Record any active MIL/ABS/SRS/TPMS/ADAS warnings."
  },
  {
    "code": "CVP-015",
    "layer": "Mechanical",
    "title": "OBD scan: codes present",
    "description": "Scan and document stored/pending codes; include freeze frame if available."
  },
  {
    "code": "CVP-016",
    "layer": "Mechanical",
    "title": "OBD readiness/monitors",
    "description": "Record readiness state and monitor completion."
  },
  {
    "code": "CVP-017",
    "layer": "Mechanical",
    "title": "Battery voltage & charging",
    "description": "Record battery voltage and alternator charge behavior."
  },
  {
    "code": "CVP-018",
    "layer": "Mechanical",
    "title": "Engine oil level & condition",
    "description": "Check level; note contamination, odor, metallic sheen."
  },
  {
    "code": "CVP-019",
    "layer": "Mechanical",
    "title": "Oil leaks: top-side",
    "description": "Inspect valve covers, timing covers, oil filter housing areas."
  },
  {
    "code": "CVP-020",
    "layer": "Mechanical",
    "title": "Oil leaks: undercarriage",
    "description": "Inspect pan, rear main area, transmission interface."
  },
  {
    "code": "CVP-021",
    "layer": "Mechanical",
    "title": "Coolant level & condition",
    "description": "Check level/color; note oil contamination or rust."
  },
  {
    "code": "CVP-022",
    "layer": "Mechanical",
    "title": "Cooling system leaks",
    "description": "Inspect hoses, radiator, pump, reservoir for seepage."
  },
  {
    "code": "CVP-023",
    "layer": "Mechanical",
    "title": "Accessory drive condition",
    "description": "Inspect belt, tensioner noise, pulley wobble."
  },
  {
    "code": "CVP-024",
    "layer": "Mechanical",
    "title": "Air intake integrity",
    "description": "Inspect intake ducts, clamps, filters for leaks or damage."
  },
  {
    "code": "CVP-025",
    "layer": "Mechanical",
    "title": "Vacuum/boost hoses",
    "description": "Check for cracking, loose fittings, oil saturation."
  },
  {
    "code": "CVP-026",
    "layer": "Mechanical",
    "title": "Turbo/supercharger indicators (if equipped)",
    "description": "Check boost piping, oil residue, abnormal whine."
  },
  {
    "code": "CVP-027",
    "layer": "Mechanical",
    "title": "Fuel odor/leaks",
    "description": "Check for fuel smell, line seepage, injector area wetness."
  },
  {
    "code": "CVP-028",
    "layer": "Mechanical",
    "title": "Misfire indicators",
    "description": "Note misfire counters or symptoms under load/idle."
  },
  {
    "code": "CVP-029",
    "layer": "Mechanical",
    "title": "Compression/leakdown feasibility note",
    "description": "Record if performed or not possible due to access/time."
  },
  {
    "code": "CVP-030",
    "layer": "Mechanical",
    "title": "Exhaust leaks",
    "description": "Inspect manifolds, flex joints, clamps for soot/ noise."
  },
  {
    "code": "CVP-031",
    "layer": "Mechanical",
    "title": "Catalyst/DPF indicators",
    "description": "Check relevant sensors/temps if accessible; note tampering signs."
  },
  {
    "code": "CVP-032",
    "layer": "Mechanical",
    "title": "Transmission engagement",
    "description": "Check engagement delay, harshness, slip indicators."
  },
  {
    "code": "CVP-033",
    "layer": "Mechanical",
    "title": "Transmission fluid condition (if accessible)",
    "description": "Note fluid level/color/odor and any leak evidence."
  },
  {
    "code": "CVP-034",
    "layer": "Mechanical",
    "title": "Drivetrain vibration under load",
    "description": "Road-test vibration/rumble assessment where possible."
  },
  {
    "code": "CVP-035",
    "layer": "Mechanical",
    "title": "Differential condition/leaks",
    "description": "Inspect diff housing seals and mounts."
  },
  {
    "code": "CVP-036",
    "layer": "Mechanical",
    "title": "Axle/CV boot condition",
    "description": "Check torn boots, grease sling, play."
  },
  {
    "code": "CVP-037",
    "layer": "Mechanical",
    "title": "Engine mounts",
    "description": "Inspect for collapse, cracks, excessive movement."
  },
  {
    "code": "CVP-038",
    "layer": "Mechanical",
    "title": "Transmission mounts",
    "description": "Inspect mount condition; note driveline angle issues."
  },
  {
    "code": "CVP-039",
    "layer": "Mechanical",
    "title": "Steering rack leaks",
    "description": "Inspect rack, lines, boots for fluid leak."
  },
  {
    "code": "CVP-040",
    "layer": "Mechanical",
    "title": "Power steering assist operation",
    "description": "Check assist consistency; noise at lock."
  },
  {
    "code": "CVP-041",
    "layer": "Mechanical",
    "title": "Suspension: front struts/shocks",
    "description": "Inspect leaks, damage, rebound control."
  },
  {
    "code": "CVP-042",
    "layer": "Mechanical",
    "title": "Suspension: rear struts/shocks",
    "description": "Inspect leaks, damage, rebound control."
  },
  {
    "code": "CVP-043",
    "layer": "Mechanical",
    "title": "Front control arms/bushings",
    "description": "Check play, torn bushings, ball joints."
  },
  {
    "code": "CVP-044",
    "layer": "Mechanical",
    "title": "Rear control arms/bushings",
    "description": "Check play, bushings, links."
  },
  {
    "code": "CVP-045",
    "layer": "Mechanical",
    "title": "Sway bar links/bushings",
    "description": "Check for clunking, torn boots."
  },
  {
    "code": "CVP-046",
    "layer": "Mechanical",
    "title": "Wheel bearings",
    "description": "Check play/noise indicators at speed/rotation."
  },
  {
    "code": "CVP-047",
    "layer": "Mechanical",
    "title": "Brake pad thickness (front)",
    "description": "Measure/estimate remaining pad life; note uneven wear."
  },
  {
    "code": "CVP-048",
    "layer": "Mechanical",
    "title": "Brake pad thickness (rear)",
    "description": "Measure/estimate remaining pad life; note uneven wear."
  },
  {
    "code": "CVP-049",
    "layer": "Mechanical",
    "title": "Brake rotor condition",
    "description": "Check scoring, lip, cracks, heat spots."
  },
  {
    "code": "CVP-050",
    "layer": "Mechanical",
    "title": "Brake fluid condition",
    "description": "Check color/moisture indicator if available."
  },
  {
    "code": "CVP-051",
    "layer": "Mechanical",
    "title": "Parking brake function",
    "description": "Verify hold and release behavior."
  },
  {
    "code": "CVP-052",
    "layer": "Mechanical",
    "title": "Tire tread depth (front)",
    "description": "Record tread depth and inside/outside variance."
  },
  {
    "code": "CVP-053",
    "layer": "Mechanical",
    "title": "Tire tread depth (rear)",
    "description": "Record tread depth and inside/outside variance."
  },
  {
    "code": "CVP-054",
    "layer": "Mechanical",
    "title": "Tire age (DOT)",
    "description": "Record DOT date codes; flag aged tires."
  },
  {
    "code": "CVP-055",
    "layer": "Mechanical",
    "title": "Tire damage/sidewall",
    "description": "Check bubbles, cuts, cords, plugs/patches."
  },
  {
    "code": "CVP-056",
    "layer": "Mechanical",
    "title": "Wheel condition",
    "description": "Inspect cracks, bends, curb rash severity."
  },
  {
    "code": "CVP-057",
    "layer": "Mechanical",
    "title": "Alignment indicators",
    "description": "Assess irregular wear/pull; note alignment concern."
  },
  {
    "code": "CVP-058",
    "layer": "Mechanical",
    "title": "Road test: acceleration",
    "description": "Check performance, hesitation, limp mode triggers."
  },
  {
    "code": "CVP-059",
    "layer": "Mechanical",
    "title": "Road test: braking",
    "description": "Assess pull, pulsation, ABS activation, noises."
  },
  {
    "code": "CVP-060",
    "layer": "Mechanical",
    "title": "Road test: steering",
    "description": "Assess on-center feel, wander, vibration."
  },
  {
    "code": "CVP-061",
    "layer": "Mechanical",
    "title": "Road test: ride quality",
    "description": "Assess damping, knocks, squeaks, harshness."
  },
  {
    "code": "CVP-062",
    "layer": "Mechanical",
    "title": "HVAC compressor load effect",
    "description": "Check idle/load changes when AC engages."
  },
  {
    "code": "CVP-063",
    "layer": "Mechanical",
    "title": "Cooling fan operation",
    "description": "Verify fan activation and abnormal noise."
  },
  {
    "code": "CVP-064",
    "layer": "Mechanical",
    "title": "Fluid inventory check",
    "description": "Check washer fluid, PS, brake, coolant presence."
  },
  {
    "code": "CVP-065",
    "layer": "Mechanical",
    "title": "Underhood harness & connectors",
    "description": "Inspect for splices, rodent damage, heat damage."
  },
  {
    "code": "CVP-066",
    "layer": "Mechanical",
    "title": "Aftermarket modifications (mechanical)",
    "description": "Document non-OEM intakes, tunes, exhaust, etc."
  },
  {
    "code": "CVP-067",
    "layer": "Mechanical",
    "title": "Final mechanical photo set captured",
    "description": "Capture required mechanical evidence photos."
  },
  {
    "code": "CVP-068",
    "layer": "Structural",
    "title": "Paint thickness variance (if tool available)",
    "description": "Measure representative panels; flag abnormal variance."
  },
  {
    "code": "CVP-069",
    "layer": "Structural",
    "title": "Panel gap symmetry (front)",
    "description": "Assess hood/fender/headlamp alignment."
  },
  {
    "code": "CVP-070",
    "layer": "Structural",
    "title": "Panel gap symmetry (sides)",
    "description": "Assess door/fender/quarter alignment and flushness."
  },
  {
    "code": "CVP-071",
    "layer": "Structural",
    "title": "Panel gap symmetry (rear)",
    "description": "Assess trunk/bumper/quarter alignment."
  },
  {
    "code": "CVP-072",
    "layer": "Structural",
    "title": "Bolt head witness marks",
    "description": "Check fender/hood/hinge bolts for removal evidence."
  },
  {
    "code": "CVP-073",
    "layer": "Structural",
    "title": "Weld seam consistency",
    "description": "Inspect visible seams for non-factory weld patterns."
  },
  {
    "code": "CVP-074",
    "layer": "Structural",
    "title": "Core support condition",
    "description": "Check for bends, fresh paint, non-OEM fasteners."
  },
  {
    "code": "CVP-075",
    "layer": "Structural",
    "title": "Apron/strut tower integrity",
    "description": "Inspect for ripples, pulls, distortion."
  },
  {
    "code": "CVP-076",
    "layer": "Structural",
    "title": "Radiator support fasteners",
    "description": "Check for missing or mixed fasteners."
  },
  {
    "code": "CVP-077",
    "layer": "Structural",
    "title": "Underbody scrape severity",
    "description": "Assess scraping/dents; categorize severity."
  },
  {
    "code": "CVP-078",
    "layer": "Structural",
    "title": "Frame rail visual check",
    "description": "Inspect rails for kinks, deformation, corrosion."
  },
  {
    "code": "CVP-079",
    "layer": "Structural",
    "title": "Subframe condition",
    "description": "Inspect cracks, bends, mounting points."
  },
  {
    "code": "CVP-080",
    "layer": "Structural",
    "title": "Suspension pickup points",
    "description": "Inspect mounting points for deformation."
  },
  {
    "code": "CVP-081",
    "layer": "Structural",
    "title": "Front crash bar condition",
    "description": "Inspect for replacement/twist signs."
  },
  {
    "code": "CVP-082",
    "layer": "Structural",
    "title": "Rear crash bar condition",
    "description": "Inspect for replacement/twist signs."
  },
  {
    "code": "CVP-083",
    "layer": "Structural",
    "title": "Airbag deployment indicators",
    "description": "Check SRS history cues, replaced panels, stitching."
  },
  {
    "code": "CVP-084",
    "layer": "Structural",
    "title": "Windshield replacement indicators",
    "description": "Check sealant, OEM markings, calibration stickers."
  },
  {
    "code": "CVP-085",
    "layer": "Structural",
    "title": "Glass markings consistency",
    "description": "Check date codes/brand consistency across glass."
  },
  {
    "code": "CVP-086",
    "layer": "Structural",
    "title": "Door intrusion beam indicators",
    "description": "Look for door replacement signs."
  },
  {
    "code": "CVP-087",
    "layer": "Structural",
    "title": "Quarter panel repair signs",
    "description": "Inspect inner lips, seam sealer patterns."
  },
  {
    "code": "CVP-088",
    "layer": "Structural",
    "title": "Trunk floor integrity",
    "description": "Inspect spare well, rear floor for pulls/wrinkles."
  },
  {
    "code": "CVP-089",
    "layer": "Structural",
    "title": "Water intrusion indicators",
    "description": "Check silt lines, odors, corrosion in hidden areas."
  },
  {
    "code": "CVP-090",
    "layer": "Structural",
    "title": "Corrosion assessment (critical zones)",
    "description": "Inspect rocker seams, subframe mounts, brake lines."
  },
  {
    "code": "CVP-091",
    "layer": "Structural",
    "title": "Bumper reinforcement alignment",
    "description": "Check fit and reinforcement alignment."
  },
  {
    "code": "CVP-092",
    "layer": "Structural",
    "title": "Headlamp mounting integrity",
    "description": "Check tabs, brackets, non-OEM mounts."
  },
  {
    "code": "CVP-093",
    "layer": "Structural",
    "title": "Tail lamp mounting integrity",
    "description": "Check tabs, brackets, sealing."
  },
  {
    "code": "CVP-094",
    "layer": "Structural",
    "title": "Wheelhouse liner integrity",
    "description": "Inspect liner fasteners, damage, missing clips."
  },
  {
    "code": "CVP-095",
    "layer": "Structural",
    "title": "Undercarriage photo set captured",
    "description": "Capture rails, floor, subframes, jacking points."
  },
  {
    "code": "CVP-096",
    "layer": "Structural",
    "title": "Structural anomaly summary",
    "description": "Summarize collision/repair evidence as structured notes."
  },
  {
    "code": "CVP-097",
    "layer": "Structural",
    "title": "Final structural photo set captured",
    "description": "Capture required structural evidence photos."
  },
  {
    "code": "CVP-098",
    "layer": "Operational",
    "title": "Cluster display functionality",
    "description": "Verify cluster displays correctly; dead pixels/messages."
  },
  {
    "code": "CVP-099",
    "layer": "Operational",
    "title": "Infotainment boot & functions",
    "description": "Test boot, audio, navigation (if present)."
  },
  {
    "code": "CVP-100",
    "layer": "Operational",
    "title": "Backup camera & sensors",
    "description": "Verify camera and parking sensors operate."
  },
  {
    "code": "CVP-101",
    "layer": "Operational",
    "title": "ADAS warnings (if equipped)",
    "description": "Check lane/ACC/assist warnings and calibration notices."
  },
  {
    "code": "CVP-102",
    "layer": "Operational",
    "title": "Headlights (low/high)",
    "description": "Verify operation; check condensation or ballast issues."
  },
  {
    "code": "CVP-103",
    "layer": "Operational",
    "title": "DRL/turn signals",
    "description": "Verify all exterior signals function."
  },
  {
    "code": "CVP-104",
    "layer": "Operational",
    "title": "Brake lights",
    "description": "Verify brake light operation."
  },
  {
    "code": "CVP-105",
    "layer": "Operational",
    "title": "Wipers & washers",
    "description": "Verify wiper speed and washer spray."
  },
  {
    "code": "CVP-106",
    "layer": "Operational",
    "title": "Windows operation",
    "description": "Check all windows up/down; slow regulators."
  },
  {
    "code": "CVP-107",
    "layer": "Operational",
    "title": "Door locks & keyless",
    "description": "Verify lock/unlock, keyless entry/start."
  },
  {
    "code": "CVP-108",
    "layer": "Operational",
    "title": "Sunroof/moonroof",
    "description": "Test open/close; check drain indicators."
  },
  {
    "code": "CVP-109",
    "layer": "Operational",
    "title": "HVAC blower operation",
    "description": "Check fan speeds and unusual noises."
  },
  {
    "code": "CVP-110",
    "layer": "Operational",
    "title": "HVAC temperature control",
    "description": "Check hot/cold; blend door behavior."
  },
  {
    "code": "CVP-111",
    "layer": "Operational",
    "title": "HVAC vent mode control",
    "description": "Check defrost/face/floor switching."
  },
  {
    "code": "CVP-112",
    "layer": "Operational",
    "title": "Seat adjustments",
    "description": "Test seat motors; memory if present."
  },
  {
    "code": "CVP-113",
    "layer": "Operational",
    "title": "Seat heating/ventilation",
    "description": "Test heat/cool functions if equipped."
  },
  {
    "code": "CVP-114",
    "layer": "Operational",
    "title": "Steering wheel controls",
    "description": "Verify buttons, scrolls, paddles if equipped."
  },
  {
    "code": "CVP-115",
    "layer": "Operational",
    "title": "Instrument chimes/alerts",
    "description": "Check chimes; note missing alerts."
  },
  {
    "code": "CVP-116",
    "layer": "Operational",
    "title": "SRS/airbag indicator behavior",
    "description": "Verify normal self-test; no persistent light."
  },
  {
    "code": "CVP-117",
    "layer": "Operational",
    "title": "ABS/ESP function indicator",
    "description": "Verify no persistent warning; note messages."
  },
  {
    "code": "CVP-118",
    "layer": "Operational",
    "title": "TPMS readings",
    "description": "Check readings; note sensors missing."
  },
  {
    "code": "CVP-119",
    "layer": "Operational",
    "title": "Horn",
    "description": "Verify horn function."
  },
  {
    "code": "CVP-120",
    "layer": "Operational",
    "title": "Interior lighting",
    "description": "Test dome/ambient/key lighting."
  },
  {
    "code": "CVP-121",
    "layer": "Operational",
    "title": "Exterior mirror functions",
    "description": "Test adjust/fold/heating if equipped."
  },
  {
    "code": "CVP-122",
    "layer": "Operational",
    "title": "Trunk/hatch operation",
    "description": "Verify release, power close if equipped."
  },
  {
    "code": "CVP-123",
    "layer": "Operational",
    "title": "OBD communication stability",
    "description": "Check stable ECU comms; note dropout."
  },
  {
    "code": "CVP-124",
    "layer": "Operational",
    "title": "Drive mode selector operation",
    "description": "Verify mode changes register."
  },
  {
    "code": "CVP-125",
    "layer": "Operational",
    "title": "Battery drain indicator check",
    "description": "Check for messages/history relating to drain."
  },
  {
    "code": "CVP-126",
    "layer": "Operational",
    "title": "Operational photo set captured",
    "description": "Capture cluster warnings, infotainment screens, etc."
  },
  {
    "code": "CVP-127",
    "layer": "Operational",
    "title": "Final operational verification",
    "description": "Confirm all required functional checks completed."
  },
  {
    "code": "CVP-128",
    "layer": "Cosmetic",
    "title": "Exterior paint condition",
    "description": "Assess chips, scratches, swirl, oxidation."
  },
  {
    "code": "CVP-129",
    "layer": "Cosmetic",
    "title": "Dent count & severity",
    "description": "Document dents by panel and severity."
  },
  {
    "code": "CVP-130",
    "layer": "Cosmetic",
    "title": "Glass condition",
    "description": "Check cracks, pits, tint damage."
  },
  {
    "code": "CVP-131",
    "layer": "Cosmetic",
    "title": "Interior wear level",
    "description": "Assess seats, bolsters, steering wheel, pedals."
  },
  {
    "code": "CVP-132",
    "layer": "Cosmetic",
    "title": "Odor assessment",
    "description": "Note smoke, mildew, pet, chemical odors."
  },
  {
    "code": "CVP-133",
    "layer": "Cosmetic",
    "title": "Carpet and headliner condition",
    "description": "Check stains, sagging, water marks."
  },
  {
    "code": "CVP-134",
    "layer": "Cosmetic",
    "title": "Dashboard/trim condition",
    "description": "Check cracking, peeling, sticky buttons."
  },
  {
    "code": "CVP-135",
    "layer": "Cosmetic",
    "title": "Wheel curb rash severity",
    "description": "Rate cosmetic wheel damage."
  },
  {
    "code": "CVP-136",
    "layer": "Cosmetic",
    "title": "Windshield wiper marks/haze",
    "description": "Check haze, wiper streak lines."
  },
  {
    "code": "CVP-137",
    "layer": "Cosmetic",
    "title": "Exterior trim/rubber condition",
    "description": "Check dry rot, fade, missing trim."
  },
  {
    "code": "CVP-138",
    "layer": "Cosmetic",
    "title": "Badges/emblems",
    "description": "Check missing/misaligned badges."
  },
  {
    "code": "CVP-139",
    "layer": "Cosmetic",
    "title": "Upholstery tears/burns",
    "description": "Document tears, burns, seam splits."
  },
  {
    "code": "CVP-140",
    "layer": "Cosmetic",
    "title": "Detailability estimate",
    "description": "Estimate reconditioning scope for cosmetics."
  },
  {
    "code": "CVP-141",
    "layer": "Cosmetic",
    "title": "Cosmetic photo set captured",
    "description": "Capture full walkaround + interior overview."
  },
  {
    "code": "CVP-142",
    "layer": "Cosmetic",
    "title": "Final cosmetic summary",
    "description": "Summarize cosmetic condition in structured notes."
  },
  {
    "code": "CVP-143",
    "layer": "Risk",
    "title": "Flood/water event risk indicator",
    "description": "Any strong evidence of water intrusion, silt, corrosion patterns."
  },
  {
    "code": "CVP-144",
    "layer": "Risk",
    "title": "Odometer rollback risk indicator",
    "description": "Discrepancies between wear vs mileage disclosure."
  },
  {
    "code": "CVP-145",
    "layer": "Risk",
    "title": "Structural integrity red flag",
    "description": "Frame/rail deformation or repaired structural members."
  },
  {
    "code": "CVP-146",
    "layer": "Risk",
    "title": "Powertrain catastrophic risk",
    "description": "Knock, low compression signs, severe drivetrain slip, overheating."
  },
  {
    "code": "CVP-147",
    "layer": "Risk",
    "title": "Safety system red flag",
    "description": "Airbag/SRS faults, critical brake/steering faults, ADAS critical failures."
  }
]